{"cameraMode":{"drawMode":0,"name":"Shaded","section":"Shading Mode"},"sceneLighting":true,"audioPlay":false,"sceneViewState":{"showFog":true,"showMaterialUpdate":false,"showSkybox":true,"showFlares":true,"showImageEffects":true,"showParticleSystems":true},"in2DMode":false,"pivot":{"x":-0.35046958923339846,"y":-1.1999964714050294,"z":3.754161834716797},"rotation":{"x":-0.03854428976774216,"y":0.08383329212665558,"z":0.0032452004961669447,"w":0.995729386806488},"size":18.71901512145996,"orthographic":false}